{
  "values": [
    "minecraft:wooded_badlands",
    "minecraft:savanna",
    "minecraft:savanna_plateau",
    "minecraft:sparse_jungle",
    "minecraft:windswept_savanna",
    "minecraft:windswept_forest",
    "minecraft:windswept_hills",
    "minecraft:windswept_gravelly_hills",
    "minecraft:snowy_slopes",
    "minecraft:jagged_peaks",
    "minecraft:frozen_peaks",
    {
      "id": "#forge:is_sparse_vegetation/overworld",
      "required": false
    },
    {
      "id": "#forge:is_sparse/overworld",
      "required": false
    }
  ]
}