{
  "values": [
    "minecraft:green_banner",
    "minecraft:green_bed",
    "minecraft:green_candle",
    "minecraft:green_carpet",
    "minecraft:green_concrete",
    "minecraft:green_concrete_powder",
    "minecraft:green_glazed_terracotta",
    "minecraft:green_shulker_box",
    "minecraft:green_stained_glass",
    "minecraft:green_stained_glass_pane",
    "minecraft:green_terracotta",
    "minecraft:green_wall_banner",
    "minecraft:green_wool",
    {
      "id": "#forge:glass/green",
      "required": false
    },
    {
      "id": "#forge:stained_glass/green",
      "required": false
    }
  ]
}