{
  "values": [
    "minecraft:light_blue_banner",
    "minecraft:light_blue_bed",
    "minecraft:light_blue_candle",
    "minecraft:light_blue_carpet",
    "minecraft:light_blue_concrete",
    "minecraft:light_blue_concrete_powder",
    "minecraft:light_blue_glazed_terracotta",
    "minecraft:light_blue_shulker_box",
    "minecraft:light_blue_stained_glass",
    "minecraft:light_blue_stained_glass_pane",
    "minecraft:light_blue_terracotta",
    "minecraft:light_blue_wall_banner",
    "minecraft:light_blue_wool",
    {
      "id": "#forge:glass/light_blue",
      "required": false
    },
    {
      "id": "#forge:stained_glass/light_blue",
      "required": false
    }
  ]
}