{
  "values": [
    "minecraft:purple_banner",
    "minecraft:purple_bed",
    "minecraft:purple_candle",
    "minecraft:purple_carpet",
    "minecraft:purple_concrete",
    "minecraft:purple_concrete_powder",
    "minecraft:purple_glazed_terracotta",
    "minecraft:purple_shulker_box",
    "minecraft:purple_stained_glass",
    "minecraft:purple_stained_glass_pane",
    "minecraft:purple_terracotta",
    "minecraft:purple_wall_banner",
    "minecraft:purple_wool",
    {
      "id": "#forge:glass/purple",
      "required": false
    },
    {
      "id": "#forge:stained_glass/purple",
      "required": false
    }
  ]
}