{
  "values": [
    "minecraft:yellow_banner",
    "minecraft:yellow_bed",
    "minecraft:yellow_candle",
    "minecraft:yellow_carpet",
    "minecraft:yellow_concrete",
    "minecraft:yellow_concrete_powder",
    "minecraft:yellow_glazed_terracotta",
    "minecraft:yellow_shulker_box",
    "minecraft:yellow_stained_glass",
    "minecraft:yellow_stained_glass_pane",
    "minecraft:yellow_terracotta",
    "minecraft:yellow_wall_banner",
    "minecraft:yellow_wool",
    {
      "id": "#forge:glass/yellow",
      "required": false
    },
    {
      "id": "#forge:stained_glass/yellow",
      "required": false
    }
  ]
}