{
  "values": [
    "minecraft:black_banner",
    "minecraft:black_bed",
    "minecraft:black_candle",
    "minecraft:black_carpet",
    "minecraft:black_concrete",
    "minecraft:black_concrete_powder",
    "minecraft:black_glazed_terracotta",
    "minecraft:black_shulker_box",
    "minecraft:black_stained_glass",
    "minecraft:black_stained_glass_pane",
    "minecraft:black_terracotta",
    "minecraft:black_wool",
    {
      "id": "#forge:glass/black",
      "required": false
    },
    {
      "id": "#forge:stained_glass/black",
      "required": false
    }
  ]
}