{
  "values": [
    "minecraft:brown_banner",
    "minecraft:brown_bed",
    "minecraft:brown_candle",
    "minecraft:brown_carpet",
    "minecraft:brown_concrete",
    "minecraft:brown_concrete_powder",
    "minecraft:brown_glazed_terracotta",
    "minecraft:brown_shulker_box",
    "minecraft:brown_stained_glass",
    "minecraft:brown_stained_glass_pane",
    "minecraft:brown_terracotta",
    "minecraft:brown_wool",
    {
      "id": "#forge:glass/brown",
      "required": false
    },
    {
      "id": "#forge:stained_glass/brown",
      "required": false
    }
  ]
}