{
  "values": [
    "minecraft:gray_banner",
    "minecraft:gray_bed",
    "minecraft:gray_candle",
    "minecraft:gray_carpet",
    "minecraft:gray_concrete",
    "minecraft:gray_concrete_powder",
    "minecraft:gray_glazed_terracotta",
    "minecraft:gray_shulker_box",
    "minecraft:gray_stained_glass",
    "minecraft:gray_stained_glass_pane",
    "minecraft:gray_terracotta",
    "minecraft:gray_wool",
    {
      "id": "#forge:glass/gray",
      "required": false
    },
    {
      "id": "#forge:stained_glass/gray",
      "required": false
    }
  ]
}