{
  "values": [
    "minecraft:lime_banner",
    "minecraft:lime_bed",
    "minecraft:lime_candle",
    "minecraft:lime_carpet",
    "minecraft:lime_concrete",
    "minecraft:lime_concrete_powder",
    "minecraft:lime_glazed_terracotta",
    "minecraft:lime_shulker_box",
    "minecraft:lime_stained_glass",
    "minecraft:lime_stained_glass_pane",
    "minecraft:lime_terracotta",
    "minecraft:lime_wool",
    {
      "id": "#forge:glass/lime",
      "required": false
    },
    {
      "id": "#forge:stained_glass/lime",
      "required": false
    }
  ]
}