{
  "values": [
    "minecraft:red_banner",
    "minecraft:red_bed",
    "minecraft:red_candle",
    "minecraft:red_carpet",
    "minecraft:red_concrete",
    "minecraft:red_concrete_powder",
    "minecraft:red_glazed_terracotta",
    "minecraft:red_shulker_box",
    "minecraft:red_stained_glass",
    "minecraft:red_stained_glass_pane",
    "minecraft:red_terracotta",
    "minecraft:red_wool",
    {
      "id": "#forge:glass/red",
      "required": false
    },
    {
      "id": "#forge:stained_glass/red",
      "required": false
    }
  ]
}