{
  "values": [
    "minecraft:white_banner",
    "minecraft:white_bed",
    "minecraft:white_candle",
    "minecraft:white_carpet",
    "minecraft:white_concrete",
    "minecraft:white_concrete_powder",
    "minecraft:white_glazed_terracotta",
    "minecraft:white_shulker_box",
    "minecraft:white_stained_glass",
    "minecraft:white_stained_glass_pane",
    "minecraft:white_terracotta",
    "minecraft:white_wool",
    {
      "id": "#forge:glass/white",
      "required": false
    },
    {
      "id": "#forge:stained_glass/white",
      "required": false
    }
  ]
}